{"cameraMode":{"drawMode":0,"name":"Shaded","section":"Shading Mode"},"sceneLighting":false,"audioPlay":false,"sceneViewState":{"m_AlwaysRefresh":false,"showFog":true,"showSkybox":false,"showFlares":true,"showImageEffects":true,"showParticleSystems":true,"showVisualEffectGraphs":true,"m_FxEnabled":true},"in2DMode":false,"pivot":{"x":0.03029954433441162,"y":0.5945663452148438,"z":0.33896148204803469},"rotation":{"x":0.0026706568896770479,"y":-0.9967512488365173,"z":-0.07216829806566239,"w":-0.03572741895914078},"size":2.174189567565918,"orthographic":false}